timestamp,applicant_key,question,rag_answer
2025-06-30T16:01:34.351343,ahmad,What is my account number,No answer found.
2025-06-30T17:50:12.240840,ahmad,What is my account id,No answer.
2025-06-30T18:08:20.248349,zeeshan,what document is uploaded,No answer.
2025-06-30T18:41:34.442754,zeesh,What is my account number,Agent exception: Expecting value: line 1 column 1 (char 0)
2025-06-30T18:50:15.424408,zeesh,What is my account number,Agent exception: Expecting value: line 1 column 1 (char 0)
2025-06-30T18:53:05.478911,zeesh,What is my account number,Agent exception: Expecting value: line 1 column 1 (char 0)
2025-06-30T18:58:07.698460,zeesh,What is my account number,Agent exception: Expecting value: line 1 column 1 (char 0)
2025-06-30T18:59:50.488846,zeesh,What is my account number,Agent exception: Expecting value: line 1 column 1 (char 0)
2025-07-01T01:24:53.883702,ahmad,What is my account number," I cannot answer that question as the context provided does not include any information about an account number for your Apartment Property, Savings, or Vehicle categories."
2025-07-01T01:26:43.959936,ahmad,What is my account number, I cannot answer that question as there is no account number provided in the context given.
2025-07-01T01:28:24.530149,ahmad,What is my account number," I'm sorry, but the context provided does not include any information about an account number."
2025-07-01T01:36:17.373104,ahmad,What is ID," The context provided appears to be repeating the same information multiple times. From the given text, we can see that the person named Ahmad Rashid Mohammed has a nationality of United Arab Emirates and an identity card with the ID number 784-1979-1234567-1. However, I don't see any explicit mention of what ""ID"" refers to in this context. It could be an identity card number or some other type of identification number. Without additional context, it is not possible to determine the exact meaning of ""ID"" from the given information alone."
